{
  "configVersion": 2,
  "packages": [
    {
      "name": "_flutterfire_internals",
      "rootUri": "file:///C:/Users/tamar/AppData/Local/Pub/Cache/hosted/pub.dev/_flutterfire_internals-1.3.5",
      "packageUri": "lib/",
      "languageVersion": "2.18"
    },
    {
      "name": "async",
      "rootUri": "file:///C:/Users/tamar/AppData/Local/Pub/Cache/hosted/pub.dev/async-2.11.0",
      "packageUri": "lib/",
      "languageVersion": "2.18"
    },
    {
      "name": "boolean_selector",
      "rootUri": "file:///C:/Users/tamar/AppData/Local/Pub/Cache/hosted/pub.dev/boolean_selector-2.1.1",
      "packageUri": "lib/",
      "languageVersion": "2.17"
    },
    {
      "name": "characters",
      "rootUri": "file:///C:/Users/tamar/AppData/Local/Pub/Cache/hosted/pub.dev/characters-1.3.0",
      "packageUri": "lib/",
      "languageVersion": "2.12"
    },
    {
      "name": "clock",
      "rootUri": "file:///C:/Users/tamar/AppData/Local/Pub/Cache/hosted/pub.dev/clock-1.1.1",
      "packageUri": "lib/",
      "languageVersion": "2.12"
    },
    {
      "name": "collection",
      "rootUri": "file:///C:/Users/tamar/AppData/Local/Pub/Cache/hosted/pub.dev/collection-1.17.2",
      "packageUri": "lib/",
      "languageVersion": "2.18"
    },
    {
      "name": "cupertino_icons",
      "rootUri": "file:///C:/Users/tamar/AppData/Local/Pub/Cache/hosted/pub.dev/cupertino_icons-1.0.6",
      "packageUri": "lib/",
      "languageVersion": "2.19"
    },
    {
      "name": "fake_async",
      "rootUri": "file:///C:/Users/tamar/AppData/Local/Pub/Cache/hosted/pub.dev/fake_async-1.3.1",
      "packageUri": "lib/",
      "languageVersion": "2.12"
    },
    {
      "name": "firebase_core",
      "rootUri": "file:///C:/Users/tamar/AppData/Local/Pub/Cache/hosted/pub.dev/firebase_core-2.15.1",
      "packageUri": "lib/",
      "languageVersion": "2.18"
    },
    {
      "name": "firebase_core_platform_interface",
      "rootUri": "file:///C:/Users/tamar/AppData/Local/Pub/Cache/hosted/pub.dev/firebase_core_platform_interface-4.8.0",
      "packageUri": "lib/",
      "languageVersion": "2.18"
    },
    {
      "name": "firebase_core_web",
      "rootUri": "file:///C:/Users/tamar/AppData/Local/Pub/Cache/hosted/pub.dev/firebase_core_web-2.7.0",
      "packageUri": "lib/",
      "languageVersion": "2.18"
    },
    {
      "name": "firebase_database",
      "rootUri": "file:///C:/Users/tamar/AppData/Local/Pub/Cache/hosted/pub.dev/firebase_database-10.2.5",
      "packageUri": "lib/",
      "languageVersion": "2.18"
    },
    {
      "name": "firebase_database_platform_interface",
      "rootUri": "file:///C:/Users/tamar/AppData/Local/Pub/Cache/hosted/pub.dev/firebase_database_platform_interface-0.2.5+5",
      "packageUri": "lib/",
      "languageVersion": "2.18"
    },
    {
      "name": "firebase_database_web",
      "rootUri": "file:///C:/Users/tamar/AppData/Local/Pub/Cache/hosted/pub.dev/firebase_database_web-0.2.3+5",
      "packageUri": "lib/",
      "languageVersion": "2.18"
    },
    {
      "name": "flutter",
      "rootUri": "file:///C:/src/flutter/packages/flutter",
      "packageUri": "lib/",
      "languageVersion": "3.0"
    },
    {
      "name": "flutter_lints",
      "rootUri": "file:///C:/Users/tamar/AppData/Local/Pub/Cache/hosted/pub.dev/flutter_lints-2.0.3",
      "packageUri": "lib/",
      "languageVersion": "2.19"
    },
    {
      "name": "flutter_test",
      "rootUri": "file:///C:/src/flutter/packages/flutter_test",
      "packageUri": "lib/",
      "languageVersion": "3.0"
    },
    {
      "name": "flutter_web_plugins",
      "rootUri": "file:///C:/src/flutter/packages/flutter_web_plugins",
      "packageUri": "lib/",
      "languageVersion": "3.0"
    },
    {
      "name": "js",
      "rootUri": "file:///C:/Users/tamar/AppData/Local/Pub/Cache/hosted/pub.dev/js-0.6.7",
      "packageUri": "lib/",
      "languageVersion": "2.19"
    },
    {
      "name": "lints",
      "rootUri": "file:///C:/Users/tamar/AppData/Local/Pub/Cache/hosted/pub.dev/lints-2.1.1",
      "packageUri": "lib/",
      "languageVersion": "3.0"
    },
    {
      "name": "matcher",
      "rootUri": "file:///C:/Users/tamar/AppData/Local/Pub/Cache/hosted/pub.dev/matcher-0.12.16",
      "packageUri": "lib/",
      "languageVersion": "2.18"
    },
    {
      "name": "material_color_utilities",
      "rootUri": "file:///C:/Users/tamar/AppData/Local/Pub/Cache/hosted/pub.dev/material_color_utilities-0.5.0",
      "packageUri": "lib/",
      "languageVersion": "2.17"
    },
    {
      "name": "meta",
      "rootUri": "file:///C:/Users/tamar/AppData/Local/Pub/Cache/hosted/pub.dev/meta-1.9.1",
      "packageUri": "lib/",
      "languageVersion": "2.12"
    },
    {
      "name": "path",
      "rootUri": "file:///C:/Users/tamar/AppData/Local/Pub/Cache/hosted/pub.dev/path-1.8.3",
      "packageUri": "lib/",
      "languageVersion": "2.12"
    },
    {
      "name": "plugin_platform_interface",
      "rootUri": "file:///C:/Users/tamar/AppData/Local/Pub/Cache/hosted/pub.dev/plugin_platform_interface-2.1.6",
      "packageUri": "lib/",
      "languageVersion": "2.19"
    },
    {
      "name": "sky_engine",
      "rootUri": "file:///C:/src/flutter/bin/cache/pkg/sky_engine",
      "packageUri": "lib/",
      "languageVersion": "3.0"
    },
    {
      "name": "source_span",
      "rootUri": "file:///C:/Users/tamar/AppData/Local/Pub/Cache/hosted/pub.dev/source_span-1.10.0",
      "packageUri": "lib/",
      "languageVersion": "2.18"
    },
    {
      "name": "stack_trace",
      "rootUri": "file:///C:/Users/tamar/AppData/Local/Pub/Cache/hosted/pub.dev/stack_trace-1.11.0",
      "packageUri": "lib/",
      "languageVersion": "2.18"
    },
    {
      "name": "stream_channel",
      "rootUri": "file:///C:/Users/tamar/AppData/Local/Pub/Cache/hosted/pub.dev/stream_channel-2.1.1",
      "packageUri": "lib/",
      "languageVersion": "2.14"
    },
    {
      "name": "string_scanner",
      "rootUri": "file:///C:/Users/tamar/AppData/Local/Pub/Cache/hosted/pub.dev/string_scanner-1.2.0",
      "packageUri": "lib/",
      "languageVersion": "2.18"
    },
    {
      "name": "term_glyph",
      "rootUri": "file:///C:/Users/tamar/AppData/Local/Pub/Cache/hosted/pub.dev/term_glyph-1.2.1",
      "packageUri": "lib/",
      "languageVersion": "2.12"
    },
    {
      "name": "test_api",
      "rootUri": "file:///C:/Users/tamar/AppData/Local/Pub/Cache/hosted/pub.dev/test_api-0.6.0",
      "packageUri": "lib/",
      "languageVersion": "2.18"
    },
    {
      "name": "vector_math",
      "rootUri": "file:///C:/Users/tamar/AppData/Local/Pub/Cache/hosted/pub.dev/vector_math-2.1.4",
      "packageUri": "lib/",
      "languageVersion": "2.14"
    },
    {
      "name": "web",
      "rootUri": "file:///C:/Users/tamar/AppData/Local/Pub/Cache/hosted/pub.dev/web-0.1.4-beta",
      "packageUri": "lib/",
      "languageVersion": "3.1"
    },
    {
      "name": "train",
      "rootUri": "../",
      "packageUri": "lib/",
      "languageVersion": "3.1"
    }
  ],
  "generated": "2023-09-18T10:15:10.601690Z",
  "generator": "pub",
  "generatorVersion": "3.1.0"
}
